Food Group,Carbohydrates,Fats,Proteins,Vitamins ,Water 
Dairy and Grains,51.91399485,5.562448187,9.382113402,0.008265077,30.94153351
Fats and Prepared Foods,38.13252141,16.24949973,5.180794016,0.008180409,45.12758115
Fruits and Vegetables,16.25792415,2.554491582,5.448218813,0.02123794,74.39792027
Meat and Eggs,7.851312849,13.42334486,21.93087182,0.001504789,60.75039707